"geno","male","female","pool"
"UGP202000232-2","Raihna","ARA209","B"
"UGP202000238-4","Raihna","Resisto","B"
"UGP202000236-21","Raihna","MSK1094","B"
"UGP202000232-5","Raihna","ARA209","B"
"UGP202000234-3","Raihna","MLE179","B"
"UGP202000250-4","Raihna","CIP199062.1","B"
"UGP202000250-2","Raihna","CIP199062.1","B"
"UGP202000232-1","Raihna","ARA209","B"
"UGP202000237-14","Raihna","Jewel","B"
"UGP202000232-3","Raihna","ARA209","B"
"UGP202000232-4","Raihna","ARA209","B"
"UGP202000234-11","Raihna","MLE179","B"
"UGP202000232-12","Raihna","ARA209","B"
"UGP202000238-5","Raihna","Resisto","B"
"UGP202000250-13","Raihna","CIP199062.1","B"
"UGP202000235-8","Raihna","SPK004_CIP","B"
"UGP202000250-6","Raihna","CIP199062.1","B"
"UGP202000238-6","Raihna","Resisto","B"
"UGP202000250-9","Raihna","CIP199062.1","B"
"UGP202000234-13","Raihna","MLE179","B"
"UGP202000233-12","Raihna","LUW1257","B"
"UGP202000238-7","Raihna","Resisto","B"
"UGP202000237-4","Raihna","Jewel","B"
"UGP202000235-3","Raihna","SPK004_CIP","B"
"UGP202000233-2","Raihna","LUW1257","B"
"UGP202000235-10","Raihna","SPK004_CIP","B"
"UGP202000232-11","Raihna","ARA209","B"
"UGP202000233-18","Raihna","LUW1257","B"
"UGP202000233-13","Raihna","LUW1257","B"
"UGP202000233-15","Raihna","LUW1257","B"
"UGP202000147-17","KML942","MLE179","B"
"UGP202000146-4","KML942","LUW1257","B"
"UGP202000147-5","KML942","MLE179","B"
"UGP202000146-7","KML942","LUW1257","B"
"UGP202000146-3","KML942","LUW1257","B"
"UGP202000148-8","KML942","MSK1094","B"
"UGP202000147-12","KML942","MLE179","B"
"UGP202000146-19","KML942","LUW1257","B"
"UGP202000146-14","KML942","LUW1257","B"
"UGP202000147-15","KML942","MLE179","B"
"UGP202000146-8","KML942","LUW1257","B"
"UGP202000147-6","KML942","MLE179","B"
"UGP202000148-11","KML942","MSK1094","B"
"UGP202000146-16","KML942","LUW1257","B"
"UGP202000148-3","KML942","MSK1094","B"
"UGP202000147-16","KML942","MLE179","B"
"UGP202000147-8","KML942","MLE179","B"
"UGP202000146-18","KML942","LUW1257","B"
"UGP202000147-19","KML942","MLE179","B"
"UGP202000147-4","KML942","MLE179","B"
"UGP202000146-11","KML942","LUW1257","B"
"UGP202000146-10","KML942","LUW1257","B"
"UGP202000148-9","KML942","MSK1094","B"
"UGP202000146-1","KML942","LUW1257","B"
"UGP202000148-2","KML942","MSK1094","B"
"UGP202000151-8","LUW1257","Sowola","B"
"UGP202000150-9","LUW1257","MBR536","B"
"UGP202000245-14","LUW1257","CIP199062.1","B"
"UGP202000245-9","LUW1257","CIP199062.1","B"
"UGP202000244-7","LUW1257","MSK1094","B"
"UGP202000266-5","LUW1257","SRT43","B"
"UGP202000149-12","LUW1257","KML942","B"
"UGP202000150-8","LUW1257","MBR536","B"
"UGP202000267-4","LUW1257","RAK848","B"
"UGP202000155-8","LUW1257","Resisto","B"
"UGP202000153-20","LUW1257","MKN1210","B"
"UGP202000153-12","LUW1257","MKN1210","B"
"UGP202000150-10","LUW1257","MBR536","B"
"UGP202000245-10","LUW1257","CIP199062.1","B"
"UGP202000155-9","LUW1257","Resisto","B"
"UGP202000150-11","LUW1257","MBR536","B"
"UGP202000243-5","LUW1257","KRE691","B"
"UGP202000155-1","LUW1257","Resisto","B"
"UGP202000155-7","LUW1257","Resisto","B"
"UGP202000153-18","LUW1257","MKN1210","B"
"UGP202000245-12","LUW1257","CIP199062.1","B"
"UGP202000245-8","LUW1257","CIP199062.1","B"
"UGP202000244-11","LUW1257","MSK1094","B"
"UGP202000155-10","LUW1257","Resisto","B"
"UGP202000243-9","LUW1257","KRE691","B"
"UGP202000157-13","KRE691","MSK1094","B"
"UGP202000156-9","KRE691","SPK004_CIP","B"
"UGP202000156-6","KRE691","SPK004_CIP","B"
"UGP202000156-7","KRE691","SPK004_CIP","B"
"UGP202000157-10","KRE691","MSK1094","B"
"UGP202000157-2","KRE691","MSK1094","B"
"UGP202000157-21","KRE691","MSK1094","B"
"UGP202000156-13","KRE691","SPK004_CIP","B"
"UGP202000156-12","KRE691","SPK004_CIP","B"
"UGP202000156-5","KRE691","SPK004_CIP","B"
"UGP202000157-11","KRE691","MSK1094","B"
"UGP202000157-20","KRE691","MSK1094","B"
"UGP202000156-8","KRE691","SPK004_CIP","B"
"UGP202000157-18","KRE691","MSK1094","B"
"UGP202000156-10","KRE691","SPK004_CIP","B"
"UGP202000157-1","KRE691","MSK1094","B"
"UGP202000157-19","KRE691","MSK1094","B"
"UGP202000156-11","KRE691","SPK004_CIP","B"
"UGP202000156-2","KRE691","SPK004_CIP","B"
"UGP202000156-4","KRE691","SPK004_CIP","B"
"UGP202000157-6","KRE691","MSK1094","B"
"UGP202000157-12","KRE691","MSK1094","B"
"UGP202000157-8","KRE691","MSK1094","B"
"UGP202000156-1","KRE691","SPK004_CIP","B"
"UGP202000157-4","KRE691","MSK1094","B"
"UGP202000159-11","MBR536","Resisto","B"
"UGP202000158-10","MBR536","MSK1094","B"
"UGP202000158-21","MBR536","MSK1094","B"
"UGP202000158-6","MBR536","MSK1094","B"
"UGP202000159-2","MBR536","Resisto","B"
"UGP202000158-12","MBR536","MSK1094","B"
"UGP202000159-20","MBR536","Resisto","B"
"UGP202000158-8","MBR536","MSK1094","B"
"UGP202000159-5","MBR536","Resisto","B"
"UGP202000159-12","MBR536","Resisto","B"
"UGP202000158-18","MBR536","MSK1094","B"
"UGP202000159-4","MBR536","Resisto","B"
"UGP202000158-5","MBR536","MSK1094","B"
"UGP202000159-9","MBR536","Resisto","B"
"UGP202000159-13","MBR536","Resisto","B"
"UGP202000158-2","MBR536","MSK1094","B"
"UGP202000158-9","MBR536","MSK1094","B"
"UGP202000159-16","MBR536","Resisto","B"
"UGP202000159-7","MBR536","Resisto","B"
"UGP202000158-7","MBR536","MSK1094","B"
"UGP202000159-21","MBR536","Resisto","B"
"UGP202000158-17","MBR536","MSK1094","B"
"UGP202000159-15","MBR536","Resisto","B"
"UGP202000158-14","MBR536","MSK1094","B"
"UGP202000159-19","MBR536","Resisto","B"
"UGP202000158-16","MBR536","MSK1094","B"
"UGP202000166-11","MLE179","APA356","B"
"UGP202000160-10","MLE179","SRT43","B"
"UGP202000161-16","MLE179","MLE199","B"
"UGP202000171-1","MLE179","Resisto","B"
"UGP202000172-21","MLE179","CIP199062.1","B"
"UGP202000170-21","MLE179","Jewel","B"
"UGP202000171-18","MLE179","Resisto","B"
"UGP202000171-10","MLE179","Resisto","B"
"UGP202000172-5","MLE179","CIP199062.1","B"
"UGP202000169-16","MLE179","MSK1094","B"
"UGP202000171-9","MLE179","Resisto","B"
"UGP202000171-17","MLE179","Resisto","B"
"UGP202000160-19","MLE179","SRT43","B"
"UGP202000170-5","MLE179","Jewel","B"
"UGP202000166-17","MLE179","APA356","B"
"UGP202000167-1","MLE179","MKN1210","B"
"UGP202000172-14","MLE179","CIP199062.1","B"
"UGP202000164-13","MLE179","MBR536","B"
"UGP202000160-9","MLE179","SRT43","B"
"UGP202000170-17","MLE179","Jewel","B"
"UGP202000170-1","MLE179","Jewel","B"
"UGP202000169-1","MLE179","MSK1094","B"
"UGP202000167-4","MLE179","MKN1210","B"
"UGP202000172-4","MLE179","CIP199062.1","B"
"UGP202000170-2","MLE179","Jewel","B"
"UGP202000133-11","ARA209","MKN1210","B"
"UGP202000129-11","ARA209","KRE691","B"
"UGP202000133-21","ARA209","MKN1210","B"
"UGP202000136-11","ARA209","NASPOT_11","B"
"UGP202000129-15","ARA209","KRE691","B"
"UGP202000128-16","ARA209","KML942","B"
"UGP202000130-8","ARA209","MBR536","B"
"UGP202000137-16","ARA209","CIP199062.1","B"
"UGP202000133-8","ARA209","MKN1210","B"
"UGP202000132-8","ARA209","APA356","B"
"UGP202000136-1","ARA209","NASPOT_11","B"
"UGP202000126-18","ARA209","SRT43","B"
"UGP202000241-13","ARA209","Resisto","B"
"UGP202000131-9","ARA209","Sowola","B"
"UGP202000137-1","ARA209","CIP199062.1","B"
"UGP202000241-9","ARA209","Resisto","B"
"UGP202000128-9","ARA209","KML942","B"
"UGP202000241-1","ARA209","Resisto","B"
"UGP202000132-3","ARA209","APA356","B"
"UGP202000137-9","ARA209","CIP199062.1","B"
"UGP202000241-12","ARA209","Resisto","B"
"UGP202000137-3","ARA209","CIP199062.1","B"
"UGP202000136-16","ARA209","NASPOT_11","B"
"UGP202000241-8","ARA209","Resisto","B"
"UGP202000126-21","ARA209","SRT43","B"
"UGP202000173-18","Sowola","ARA209","B"
"UGP202000176-7","Sowola","Jewel","B"
"UGP202000175-12","Sowola","MSK1094","B"
"UGP202000173-20","Sowola","ARA209","B"
"UGP202000175-8","Sowola","MSK1094","B"
"UGP202000176-10","Sowola","Jewel","B"
"UGP202000175-5","Sowola","MSK1094","B"
"UGP202000177-7","Sowola","Resisto","B"
"UGP202000177-3","Sowola","Resisto","B"
"UGP202000174-12","Sowola","LUW1257","B"
"UGP202000174-11","Sowola","LUW1257","B"
"UGP202000176-2","Sowola","Jewel","B"
"UGP202000177-8","Sowola","Resisto","B"
"UGP202000175-10","Sowola","MSK1094","B"
"UGP202000174-5","Sowola","LUW1257","B"
"UGP202000176-14","Sowola","Jewel","B"
"UGP202000174-3","Sowola","LUW1257","B"
"UGP202000175-15","Sowola","MSK1094","B"
"UGP202000176-4","Sowola","Jewel","B"
"UGP202000174-16","Sowola","LUW1257","B"
"UGP202000176-8","Sowola","Jewel","B"
"UGP202000174-6","Sowola","LUW1257","B"
"UGP202000176-5","Sowola","Jewel","B"
"UGP202000173-1","Sowola","ARA209","B"
"UGP202000174-9","Sowola","LUW1257","B"
"UGP202000268-5","APA356","Resisto","B"
"UGP202000268-12","APA356","Resisto","B"
"UGP202000268-3","APA356","Resisto","B"
"UGP202000268-6","APA356","Resisto","B"
"UGP202000268-11","APA356","Resisto","B"
"UGP202000268-17","APA356","Resisto","B"
"UGP202000268-20","APA356","Resisto","B"
"UGP202000268-19","APA356","Resisto","B"
"UGP202000268-10","APA356","Resisto","B"
"UGP202000268-16","APA356","Resisto","B"
"UGP202000268-1","APA356","Resisto","B"
"UGP202000268-9","APA356","Resisto","B"
"UGP202000268-4","APA356","Resisto","B"
"UGP202000268-8","APA356","Resisto","B"
"UGP202000268-7","APA356","Resisto","B"
"UGP202000179-3","MKN1210","ARA209","B"
"UGP202000181-16","MKN1210","MSK1094","B"
"UGP202000246-1","MKN1210","MLE179","B"
"UGP202000246-8","MKN1210","MLE179","B"
"UGP202000180-10","MKN1210","LUW1257","B"
"UGP202000179-10","MKN1210","ARA209","B"
"UGP202000181-13","MKN1210","MSK1094","B"
"UGP202000179-16","MKN1210","ARA209","B"
"UGP202000181-1","MKN1210","MSK1094","B"
"UGP202000179-8","MKN1210","ARA209","B"
"UGP202000181-17","MKN1210","MSK1094","B"
"UGP202000246-7","MKN1210","MLE179","B"
"UGP202000179-9","MKN1210","ARA209","B"
"UGP202000181-3","MKN1210","MSK1094","B"
"UGP202000180-3","MKN1210","LUW1257","B"
"UGP202000180-13","MKN1210","LUW1257","B"
"UGP202000179-13","MKN1210","ARA209","B"
"UGP202000179-2","MKN1210","ARA209","B"
"UGP202000181-20","MKN1210","MSK1094","B"
"UGP202000180-20","MKN1210","LUW1257","B"
"UGP202000179-21","MKN1210","ARA209","B"
"UGP202000180-4","MKN1210","LUW1257","B"
"UGP202000179-15","MKN1210","ARA209","B"
"UGP202000180-15","MKN1210","LUW1257","B"
"UGP202000179-4","MKN1210","ARA209","B"
"UGP202000183-14","NASPOT_5","ARA209","B"
"UGP202000183-19","NASPOT_5","ARA209","B"
"UGP202000183-1","NASPOT_5","ARA209","B"
"UGP202000184-12","NASPOT_5","LUW1257","B"
"UGP202000186-3","NASPOT_5","SPK004_CIP","B"
"UGP202000187-19","NASPOT_5","MSK1094","B"
"UGP202000188-12","NASPOT_5","Jewel","B"
"UGP202000183-8","NASPOT_5","ARA209","B"
"UGP202000183-15","NASPOT_5","ARA209","B"
"UGP202000183-13","NASPOT_5","ARA209","B"
"UGP202000188-4","NASPOT_5","Jewel","B"
"UGP202000185-12","NASPOT_5","MLE179","B"
"UGP202000188-2","NASPOT_5","Jewel","B"
"UGP202000184-19","NASPOT_5","LUW1257","B"
"UGP202000188-7","NASPOT_5","Jewel","B"
"UGP202000183-9","NASPOT_5","ARA209","B"
"UGP202000188-5","NASPOT_5","Jewel","B"
"UGP202000188-1","NASPOT_5","Jewel","B"
"UGP202000187-4","NASPOT_5","MSK1094","B"
"UGP202000183-6","NASPOT_5","ARA209","B"
"UGP202000186-6","NASPOT_5","SPK004_CIP","B"
"UGP202000186-2","NASPOT_5","SPK004_CIP","B"
"UGP202000183-5","NASPOT_5","ARA209","B"
"UGP202000184-3","NASPOT_5","LUW1257","B"
"UGP202000183-16","NASPOT_5","ARA209","B"
"UGP202000190-19","SPK004_CIP","MLE199","B"
"UGP202000189-10","SPK004_CIP","SRT43","B"
"UGP202000193-18","SPK004_CIP","MBR536","B"
"UGP202000189-6","SPK004_CIP","SRT43","B"
"UGP202000195-16","SPK004_CIP","APA356","B"
"UGP202000194-14","SPK004_CIP","Sowola","B"
"UGP202000192-20","SPK004_CIP","KRE691","B"
"UGP202000189-4","SPK004_CIP","SRT43","B"
"UGP202000195-17","SPK004_CIP","APA356","B"
"UGP202000192-14","SPK004_CIP","KRE691","B"
"UGP202000189-11","SPK004_CIP","SRT43","B"
"UGP202000198-3","SPK004_CIP","Resisto","B"
"UGP202000189-13","SPK004_CIP","SRT43","B"
"UGP202000199-16","SPK004_CIP","CIP199062.1","B"
"UGP202000199-6","SPK004_CIP","CIP199062.1","B"
"UGP202000198-7","SPK004_CIP","Resisto","B"
"UGP202000193-20","SPK004_CIP","MBR536","B"
"UGP202000194-17","SPK004_CIP","Sowola","B"
"UGP202000198-17","SPK004_CIP","Resisto","B"
"UGP202000194-4","SPK004_CIP","Sowola","B"
"UGP202000199-4","SPK004_CIP","CIP199062.1","B"
"UGP202000194-1","SPK004_CIP","Sowola","B"
"UGP202000194-19","SPK004_CIP","Sowola","B"
"UGP202000197-11","SPK004_CIP","MSK1094","B"
"UGP202000198-2","SPK004_CIP","Resisto","B"
"UGP202000272-3","RAK848","CIP199062.1","B"
"UGP202000272-20","RAK848","CIP199062.1","B"
"UGP202000269-6","RAK848","ARA209","B"
"UGP202000272-13","RAK848","CIP199062.1","B"
"UGP202000272-21","RAK848","CIP199062.1","B"
"UGP202000269-19","RAK848","ARA209","B"
"UGP202000272-18","RAK848","CIP199062.1","B"
"UGP202000272-4","RAK848","CIP199062.1","B"
"UGP202000272-7","RAK848","CIP199062.1","B"
"UGP202000272-12","RAK848","CIP199062.1","B"
"UGP202000272-19","RAK848","CIP199062.1","B"
"UGP202000269-9","RAK848","ARA209","B"
"UGP202000269-7","RAK848","ARA209","B"
"UGP202000269-11","RAK848","ARA209","B"
"UGP202000270-3","RAK848","KML942","B"
"UGP202000271-9","RAK848","MLE179","B"
"UGP202000269-16","RAK848","ARA209","B"
"UGP202000271-6","RAK848","MLE179","B"
"UGP202000272-14","RAK848","CIP199062.1","B"
"UGP202000272-6","RAK848","CIP199062.1","B"
"UGP202000271-11","RAK848","MLE179","B"
"UGP202000269-1","RAK848","ARA209","B"
"UGP202000271-18","RAK848","MLE179","B"
"UGP202000269-5","RAK848","ARA209","B"
"UGP202000272-8","RAK848","CIP199062.1","B"
"UGP202000271-17","RAK848","MLE179","B"
"UGP202000269-10","RAK848","ARA209","B"
"UGP202000269-14","RAK848","ARA209","B"
"UGP202000269-17","RAK848","ARA209","B"
"UGP202000271-16","RAK848","MLE179","B"
"UGP202000269-13","RAK848","ARA209","B"
"UGP202000272-5","RAK848","CIP199062.1","B"
"UGP202000269-12","RAK848","ARA209","B"
"UGP202000271-15","RAK848","MLE179","B"
"UGP202000272-11","RAK848","CIP199062.1","B"
"UGP202000271-10","RAK848","MLE179","B"
"UGP202000271-8","RAK848","MLE179","B"
"UGP202000271-12","RAK848","MLE179","B"
"UGP202000272-1","RAK848","CIP199062.1","B"
"UGP202000271-2","RAK848","MLE179","B"
"UGP202000269-3","RAK848","ARA209","B"
"UGP202000269-15","RAK848","ARA209","B"
"UGP202000200-12","MSK1094","ARA209","B"
"UGP202000200-13","MSK1094","ARA209","B"
"UGP202000201-2","MSK1094","SRT43","B"
"UGP202000208-5","MSK1094","NASPOT_5","B"
"UGP202000201-17","MSK1094","SRT43","B"
"UGP202000247-1","MSK1094","MBR536","B"
"UGP202000209-18","MSK1094","SPK004_CIP","B"
"UGP202000205-4","MSK1094","MLE179","B"
"UGP202000207-7","MSK1094","MKN1210","B"
"UGP202000200-14","MSK1094","ARA209","B"
"UGP202000200-1","MSK1094","ARA209","B"
"UGP202000209-8","MSK1094","SPK004_CIP","B"
"UGP202000203-7","MSK1094","KML942","B"
"UGP202000204-16","MSK1094","LUW1257","B"
"UGP202000201-4","MSK1094","SRT43","B"
"UGP202000273-1","MSK1094","Resisto","B"
"UGP202000207-8","MSK1094","MKN1210","B"
"UGP202000204-3","MSK1094","LUW1257","B"
"UGP202000200-15","MSK1094","ARA209","B"
"UGP202000203-1","MSK1094","KML942","B"
"UGP202000200-5","MSK1094","ARA209","B"
"UGP202000200-11","MSK1094","ARA209","B"
"UGP202000205-8","MSK1094","MLE179","B"
"UGP202000204-22","MSK1094","LUW1257","B"
"UGP202000200-9","MSK1094","ARA209","B"
"UGP202000211-3","NASPOT_11","MLE179","B"
"UGP202000214-17","NASPOT_11","Jewel","B"
"UGP202000274-12","NASPOT_11","LUW1257","B"
"UGP202000210-4","NASPOT_11","ARA209","B"
"UGP202000210-14","NASPOT_11","ARA209","B"
"UGP202000274-2","NASPOT_11","LUW1257","B"
"UGP202000215-3","NASPOT_11","Resisto","B"
"UGP202000213-5","NASPOT_11","MSK1094","B"
"UGP202000248-2","NASPOT_11","RAK848","B"
"UGP202000211-1","NASPOT_11","MLE179","B"
"UGP202000214-10","NASPOT_11","Jewel","B"
"UGP202000210-6","NASPOT_11","ARA209","B"
"UGP202000214-3","NASPOT_11","Jewel","B"
"UGP202000210-21","NASPOT_11","ARA209","B"
"UGP202000212-7","NASPOT_11","SPK004_CIP","B"
"UGP202000274-4","NASPOT_11","LUW1257","B"
"UGP202000274-3","NASPOT_11","LUW1257","B"
"UGP202000210-11","NASPOT_11","ARA209","B"
"UGP202000274-1","NASPOT_11","LUW1257","B"
"UGP202000216-1","NASPOT_11","CIP199062.1","B"
"UGP202000211-16","NASPOT_11","MLE179","B"
"UGP202000216-8","NASPOT_11","CIP199062.1","B"
"UGP202000210-9","NASPOT_11","ARA209","B"
"UGP202000210-12","NASPOT_11","ARA209","B"
"UGP202000216-11","NASPOT_11","CIP199062.1","B"
"UGP202000139-10","SRT43","LUW1257","B"
"UGP202000140-9","SRT43","MLE179","B"
"UGP202000141-3","SRT43","Jewel","B"
"UGP202000139-17","SRT43","LUW1257","B"
"UGP202000141-1","SRT43","Jewel","B"
"UGP202000139-14","SRT43","LUW1257","B"
"UGP202000141-9","SRT43","Jewel","B"
"UGP202000141-11","SRT43","Jewel","B"
"UGP202000139-18","SRT43","LUW1257","B"
"UGP202000138-1","SRT43","ARA209","B"
"UGP202000140-5","SRT43","MLE179","B"
"UGP202000138-7","SRT43","ARA209","B"
"UGP202000141-5","SRT43","Jewel","B"
"UGP202000139-12","SRT43","LUW1257","B"
"UGP202000138-6","SRT43","ARA209","B"
"UGP202000138-15","SRT43","ARA209","B"
"UGP202000139-15","SRT43","LUW1257","B"
"UGP202000139-20","SRT43","LUW1257","B"
"UGP202000139-13","SRT43","LUW1257","B"
"UGP202000140-7","SRT43","MLE179","B"
"UGP202000140-13","SRT43","MLE179","B"
"UGP202000138-14","SRT43","ARA209","B"
"UGP202000138-9","SRT43","ARA209","B"
"UGP202000140-4","SRT43","MLE179","B"
"UGP202000138-8","SRT43","ARA209","B"
"UGP202000217-3","Resisto","ARA209","B"
"UGP202000231-16","Resisto","CIP199062.1","B"
"UGP202000222-8","Resisto","KRE691","B"
"UGP202000230-4","Resisto","Jewel","B"
"UGP202000224-5","Resisto","MLE179","B"
"UGP202000220-18","Resisto","KML942","B"
"UGP202000226-5","Resisto","APA356","B"
"UGP202000217-11","Resisto","ARA209","B"
"UGP202000220-3","Resisto","KML942","B"
"UGP202000221-4","Resisto","LUW1257","B"
"UGP202000224-6","Resisto","MLE179","B"
"UGP202000217-15","Resisto","ARA209","B"
"UGP202000230-3","Resisto","Jewel","B"
"UGP202000228-8","Resisto","NASPOT_5","B"
"UGP202000224-17","Resisto","MLE179","B"
"UGP202000218-4","Resisto","SRT43","B"
"UGP202000226-10","Resisto","APA356","B"
"UGP202000224-18","Resisto","MLE179","B"
"UGP202000224-8","Resisto","MLE179","B"
"UGP202000231-4","Resisto","CIP199062.1","B"
"UGP202000249-1","Resisto","NASPOT_11","B"
"UGP202000225-17","Resisto","Sowola","B"
"UGP202000217-17","Resisto","ARA209","B"
"UGP202000223-3","Resisto","MBR536","B"
"UGP202000217-9","Resisto","ARA209","B"
"UGP202000240-7","CIP199062.1","Resisto","B"
"UGP202000275-1","CIP199062.1","ARA209","B"
"UGP202000240-3","CIP199062.1","Resisto","B"
"UGP202000275-6","CIP199062.1","ARA209","B"
"UGP202000239-2","CIP199062.1","SPK004_CIP","B"
"UGP202000240-2","CIP199062.1","Resisto","B"
"UGP202000276-18","CIP199062.1","LUW1257","B"
"UGP202000276-20","CIP199062.1","LUW1257","B"
"UGP202000275-16","CIP199062.1","ARA209","B"
"UGP202000276-5","CIP199062.1","LUW1257","B"
"UGP202000239-11","CIP199062.1","SPK004_CIP","B"
"UGP202000239-18","CIP199062.1","SPK004_CIP","B"
"UGP202000276-14","CIP199062.1","LUW1257","B"
"UGP202000240-9","CIP199062.1","Resisto","B"
"UGP202000275-5","CIP199062.1","ARA209","B"
"UGP202000239-15","CIP199062.1","SPK004_CIP","B"
"UGP202000240-5","CIP199062.1","Resisto","B"
"UGP202000240-20","CIP199062.1","Resisto","B"
"UGP202000240-1","CIP199062.1","Resisto","B"
"UGP202000240-15","CIP199062.1","Resisto","B"
"UGP202000239-1","CIP199062.1","SPK004_CIP","B"
"UGP202000277-17","CIP199062.1","MSK1094","B"
"UGP202000240-8","CIP199062.1","Resisto","B"
"UGP202000276-4","CIP199062.1","LUW1257","B"
"UGP202000239-19","CIP199062.1","SPK004_CIP","B"
"UGP202000143-21","MLE199","LUW1257","B"
"UGP202000144-5","MLE199","MLE179","B"
"UGP202000242-16","MLE199","Resisto","B"
"UGP202000143-12","MLE199","LUW1257","B"
"UGP202000144-15","MLE199","MLE179","B"
"UGP202000145-16","MLE199","MSK1094","B"
"UGP202000242-20","MLE199","Resisto","B"
"UGP202000242-5","MLE199","Resisto","B"
"UGP202000242-10","MLE199","Resisto","B"
"UGP202000242-15","MLE199","Resisto","B"
"UGP202000242-4","MLE199","Resisto","B"
"UGP202000144-6","MLE199","MLE179","B"
"UGP202000242-1","MLE199","Resisto","B"
"UGP202000145-20","MLE199","MSK1094","B"
"UGP202000242-13","MLE199","Resisto","B"
"UGP202000143-10","MLE199","LUW1257","B"
"UGP202000145-13","MLE199","MSK1094","B"
"UGP202000242-19","MLE199","Resisto","B"
"UGP202000144-1","MLE199","MLE179","B"
"UGP202000142-11","MLE199","ARA209","B"
"UGP202000242-11","MLE199","Resisto","B"
"UGP202000144-18","MLE199","MLE179","B"
"UGP202000142-8","MLE199","ARA209","B"
"UGP202000242-12","MLE199","Resisto","B"
"UGP202000144-11","MLE199","MLE179","B"
"UGP202000147-18","KML942","MLE179","B"
"UGP202000146-17","KML942","LUW1257","B"
"UGP202000148-10","KML942","MSK1094","B"
"UGP202000147-10","KML942","MLE179","B"
"UGP202000146-12","KML942","LUW1257","B"
"UGP202000152-1","LUW1257","APA356","B"
"UGP202000153-16","LUW1257","MKN1210","B"
"UGP202000151-13","LUW1257","Sowola","B"
"UGP202000153-17","LUW1257","MKN1210","B"
"UGP202000155-11","LUW1257","Resisto","B"
"UGP202000157-3","KRE691","MSK1094","B"
"UGP202000157-14","KRE691","MSK1094","B"
"UGP202000157-7","KRE691","MSK1094","B"
"UGP202000157-15","KRE691","MSK1094","B"
"UGP202000157-5","KRE691","MSK1094","B"
"UGP202000158-20","MBR536","MSK1094","B"
"UGP202000158-13","MBR536","MSK1094","B"
"UGP202000158-3","MBR536","MSK1094","B"
"UGP202000159-14","MBR536","Resisto","B"
"UGP202000158-19","MBR536","MSK1094","B"
"UGP202000167-10","MLE179","MKN1210","B"
"UGP202000169-20","MLE179","MSK1094","B"
"UGP202000169-11","MLE179","MSK1094","B"
"UGP202000168-12","MLE179","NASPOT_5","B"
"UGP202000162-6","MLE179","KML942","B"
"UGP202000126-1","ARA209","SRT43","B"
"UGP202000136-8","ARA209","NASPOT_11","B"
"UGP202000130-13","ARA209","MBR536","B"
"UGP202000133-13","ARA209","MKN1210","B"
"UGP202000128-20","ARA209","KML942","B"
"UGP202000175-13","Sowola","MSK1094","B"
"UGP202000175-3","Sowola","MSK1094","B"
"UGP202000177-10","Sowola","Resisto","B"
"UGP202000175-4","Sowola","MSK1094","B"
"UGP202000173-15","Sowola","ARA209","B"
"UGP202000268-14","APA356","Resisto","B"
"UGP202000268-13","APA356","Resisto","B"
"UGP202000268-18","APA356","Resisto","B"
"UGP202000268-15","APA356","Resisto","B"
"UGP202000268-2","APA356","Resisto","B"
"UGP202000181-9","MKN1210","MSK1094","B"
"UGP202000181-4","MKN1210","MSK1094","B"
"UGP202000181-14","MKN1210","MSK1094","B"
"UGP202000181-18","MKN1210","MSK1094","B"
"UGP202000180-9","MKN1210","LUW1257","B"
"UGP202000186-14","NASPOT_5","SPK004_CIP","B"
"UGP202000188-14","NASPOT_5","Jewel","B"
"UGP202000185-4","NASPOT_5","MLE179","B"
"UGP202000188-13","NASPOT_5","Jewel","B"
"UGP202000186-4","NASPOT_5","SPK004_CIP","B"
"UGP202000190-15","SPK004_CIP","MLE199","B"
"UGP202000189-9","SPK004_CIP","SRT43","B"
"UGP202000195-9","SPK004_CIP","APA356","B"
"UGP202000190-20","SPK004_CIP","MLE199","B"
"UGP202000194-20","SPK004_CIP","Sowola","B"
"UGP202000271-3","RAK848","MLE179","B"
"UGP202000269-4","RAK848","ARA209","B"
"UGP202000271-7","RAK848","MLE179","B"
"UGP202000270-2","RAK848","KML942","B"
"UGP202000271-5","RAK848","MLE179","B"
"UGP202000202-19","MSK1094","MLE199","B"
"UGP202000209-11","MSK1094","SPK004_CIP","B"
"UGP202000207-5","MSK1094","MKN1210","B"
"UGP202000200-16","MSK1094","ARA209","B"
"UGP202000204-4","MSK1094","LUW1257","B"
"UGP202000212-8","NASPOT_11","SPK004_CIP","B"
"UGP202000248-3","NASPOT_11","RAK848","B"
"UGP202000213-16","NASPOT_11","MSK1094","B"
"UGP202000216-13","NASPOT_11","CIP199062.1","B"
"UGP202000211-9","NASPOT_11","MLE179","B"
"UGP202000141-6","SRT43","Jewel","B"
"UGP202000140-14","SRT43","MLE179","B"
"UGP202000138-3","SRT43","ARA209","B"
"UGP202000139-3","SRT43","LUW1257","B"
"UGP202000140-11","SRT43","MLE179","B"
"UGP202000219-8","Resisto","MLE199","B"
"UGP202000249-18","Resisto","NASPOT_11","B"
"UGP202000230-5","Resisto","Jewel","B"
"UGP202000222-20","Resisto","KRE691","B"
"UGP202000231-15","Resisto","CIP199062.1","B"
"UGP202000239-14","CIP199062.1","SPK004_CIP","B"
"UGP202000239-12","CIP199062.1","SPK004_CIP","B"
"UGP202000277-12","CIP199062.1","MSK1094","B"
"UGP202000239-7","CIP199062.1","SPK004_CIP","B"
"UGP202000240-19","CIP199062.1","Resisto","B"
"UGP202000143-1","MLE199","LUW1257","B"
"UGP202000145-21","MLE199","MSK1094","B"
"UGP202000142-2","MLE199","ARA209","B"
"UGP202000142-16","MLE199","ARA209","B"
"UGP202000242-14","MLE199","Resisto","B"
"UGP202000002-10","Carrot_C","KBL648","A"
"UGP202000011-3","Carrot_C","MLE194","A"
"UGP202000004-5","Carrot_C","LUW1274","A"
"UGP202000006-16","Carrot_C","KML872","A"
"UGP202000251-10","Carrot_C","NASPOT_9_O","A"
"UGP202000005-11","Carrot_C","NASPOT_7","A"
"UGP202000009-6","Carrot_C","Otada","A"
"UGP202000004-19","Carrot_C","LUW1274","A"
"UGP202000006-14","Carrot_C","KML872","A"
"UGP202000003-20","Carrot_C","RAK819","A"
"UGP202000011-10","Carrot_C","MLE194","A"
"UGP202000001-4","Carrot_C","KMI61","A"
"UGP202000004-13","Carrot_C","LUW1274","A"
"UGP202000007-23","Carrot_C","Oguroiwe","A"
"UGP202000010-8","Carrot_C","RAK835","A"
"UGP202000008-1","Carrot_C","APA323","A"
"UGP202000008-16","Carrot_C","APA323","A"
"UGP202000001-9","Carrot_C","KMI61","A"
"UGP202000008-5","Carrot_C","APA323","A"
"UGP202000009-18","Carrot_C","Otada","A"
"UGP202000007-3","Carrot_C","Oguroiwe","A"
"UGP202000004-4","Carrot_C","LUW1274","A"
"UGP202000006-22","Carrot_C","KML872","A"
"UGP202000003-1","Carrot_C","RAK819","A"
"UGP202000006-18","Carrot_C","KML872","A"
"UGP202000026-2","MPG1128","NASPOT_7","A"
"UGP202000026-18","MPG1128","NASPOT_7","A"
"UGP202000025-8","MPG1128","KBL648","A"
"UGP202000253-5","MPG1128","RAK819","A"
"UGP202000026-7","MPG1128","NASPOT_7","A"
"UGP202000025-11","MPG1128","KBL648","A"
"UGP202000026-9","MPG1128","NASPOT_7","A"
"UGP202000026-4","MPG1128","NASPOT_7","A"
"UGP202000026-14","MPG1128","NASPOT_7","A"
"UGP202000028-15","MPG1128","MLE194","A"
"UGP202000027-14","MPG1128","Otada","A"
"UGP202000028-10","MPG1128","MLE194","A"
"UGP202000028-4","MPG1128","MLE194","A"
"UGP202000027-5","MPG1128","Otada","A"
"UGP202000027-13","MPG1128","Otada","A"
"UGP202000024-12","MPG1128","KMI61","A"
"UGP202000024-3","MPG1128","KMI61","A"
"UGP202000026-15","MPG1128","NASPOT_7","A"
"UGP202000028-2","MPG1128","MLE194","A"
"UGP202000028-5","MPG1128","MLE194","A"
"UGP202000025-1","MPG1128","KBL648","A"
"UGP202000025-19","MPG1128","KBL648","A"
"UGP202000028-14","MPG1128","MLE194","A"
"UGP202000028-3","MPG1128","MLE194","A"
"UGP202000027-8","MPG1128","Otada","A"
"UGP202000034-21","KBL648","NASPOT_7","A"
"UGP202000032-21","KBL648","MPG1128","A"
"UGP202000034-4","KBL648","NASPOT_7","A"
"UGP202000036-8","KBL648","NK318L","A"
"UGP202000031-9","KBL648","KMI61","A"
"UGP202000031-1","KBL648","KMI61","A"
"UGP202000030-19","KBL648","Ejumula","A"
"UGP202000037-21","KBL648","MLE194","A"
"UGP202000029-12","KBL648","Carrot_C","A"
"UGP202000029-7","KBL648","Carrot_C","A"
"UGP202000030-10","KBL648","Ejumula","A"
"UGP202000036-18","KBL648","NK318L","A"
"UGP202000030-14","KBL648","Ejumula","A"
"UGP202000032-7","KBL648","MPG1128","A"
"UGP202000031-10","KBL648","KMI61","A"
"UGP202000033-4","KBL648","LUW1274","A"
"UGP202000032-4","KBL648","MPG1128","A"
"UGP202000031-11","KBL648","KMI61","A"
"UGP202000034-6","KBL648","NASPOT_7","A"
"UGP202000037-18","KBL648","MLE194","A"
"UGP202000033-11","KBL648","LUW1274","A"
"UGP202000034-18","KBL648","NASPOT_7","A"
"UGP202000254-4","KBL648","KML872","A"
"UGP202000033-7","KBL648","LUW1274","A"
"UGP202000036-19","KBL648","NK318L","A"
"UGP202000039-15","RAK819","Ejumula","A"
"UGP202000046-3","RAK819","NK318L","A"
"UGP202000043-17","RAK819","APA323","A"
"UGP202000042-8","RAK819","NASPOT_9_O","A"
"UGP202000043-14","RAK819","APA323","A"
"UGP202000044-20","RAK819","Otada","A"
"UGP202000044-16","RAK819","Otada","A"
"UGP202000044-13","RAK819","Otada","A"
"UGP202000046-5","RAK819","NK318L","A"
"UGP202000046-10","RAK819","NK318L","A"
"UGP202000046-6","RAK819","NK318L","A"
"UGP202000046-1","RAK819","NK318L","A"
"UGP202000039-11","RAK819","Ejumula","A"
"UGP202000046-19","RAK819","NK318L","A"
"UGP202000039-2","RAK819","Ejumula","A"
"UGP202000043-2","RAK819","APA323","A"
"UGP202000046-17","RAK819","NK318L","A"
"UGP202000043-13","RAK819","APA323","A"
"UGP202000044-5","RAK819","Otada","A"
"UGP202000040-21","RAK819","MPG1128","A"
"UGP202000040-19","RAK819","MPG1128","A"
"UGP202000043-18","RAK819","APA323","A"
"UGP202000044-6","RAK819","Otada","A"
"UGP202000043-1","RAK819","APA323","A"
"UGP202000045-23","RAK819","RAK835","A"
"UGP202000013-18","Ejumula","KBL648","A"
"UGP202000018-6","Ejumula","RAK835","A"
"UGP202000016-20","Ejumula","APA323","A"
"UGP202000019-22","Ejumula","MLE194","A"
"UGP202000017-7","Ejumula","Otada","A"
"UGP202000017-4","Ejumula","Otada","A"
"UGP202000017-5","Ejumula","Otada","A"
"UGP202000017-1","Ejumula","Otada","A"
"UGP202000012-6","Ejumula","KMI61","A"
"UGP202000012-9","Ejumula","KMI61","A"
"UGP202000018-1","Ejumula","RAK835","A"
"UGP202000016-14","Ejumula","APA323","A"
"UGP202000019-2","Ejumula","MLE194","A"
"UGP202000013-6","Ejumula","KBL648","A"
"UGP202000013-21","Ejumula","KBL648","A"
"UGP202000016-16","Ejumula","APA323","A"
"UGP202000017-2","Ejumula","Otada","A"
"UGP202000014-15","Ejumula","RAK819","A"
"UGP202000018-16","Ejumula","RAK835","A"
"UGP202000017-15","Ejumula","Otada","A"
"UGP202000017-8","Ejumula","Otada","A"
"UGP202000016-19","Ejumula","APA323","A"
"UGP202000013-14","Ejumula","KBL648","A"
"UGP202000012-10","Ejumula","KMI61","A"
"UGP202000018-7","Ejumula","RAK835","A"
"UGP202000054-13","NASPOT_9_O","MLE194","A"
"UGP202000047-2","NASPOT_9_O","Carrot_C","A"
"UGP202000048-7","NASPOT_9_O","Ejumula","A"
"UGP202000051-8","NASPOT_9_O","NASPOT_7","A"
"UGP202000052-10","NASPOT_9_O","KML872","A"
"UGP202000050-13","NASPOT_9_O","MPG1128","A"
"UGP202000048-6","NASPOT_9_O","Ejumula","A"
"UGP202000052-3","NASPOT_9_O","KML872","A"
"UGP202000047-11","NASPOT_9_O","Carrot_C","A"
"UGP202000050-7","NASPOT_9_O","MPG1128","A"
"UGP202000047-13","NASPOT_9_O","Carrot_C","A"
"UGP202000050-10","NASPOT_9_O","MPG1128","A"
"UGP202000048-22","NASPOT_9_O","Ejumula","A"
"UGP202000050-6","NASPOT_9_O","MPG1128","A"
"UGP202000054-16","NASPOT_9_O","MLE194","A"
"UGP202000048-5","NASPOT_9_O","Ejumula","A"
"UGP202000050-2","NASPOT_9_O","MPG1128","A"
"UGP202000050-8","NASPOT_9_O","MPG1128","A"
"UGP202000052-13","NASPOT_9_O","KML872","A"
"UGP202000048-1","NASPOT_9_O","Ejumula","A"
"UGP202000047-21","NASPOT_9_O","Carrot_C","A"
"UGP202000052-11","NASPOT_9_O","KML872","A"
"UGP202000050-18","NASPOT_9_O","MPG1128","A"
"UGP202000052-18","NASPOT_9_O","KML872","A"
"UGP202000047-5","NASPOT_9_O","Carrot_C","A"
"UGP202000055-4","Tororo3","KMI61","A"
"UGP202000062-17","Tororo3","RAK835","A"
"UGP202000059-17","Tororo3","KML872","A"
"UGP202000060-17","Tororo3","APA323","A"
"UGP202000062-1","Tororo3","RAK835","A"
"UGP202000056-8","Tororo3","KBL648","A"
"UGP202000055-11","Tororo3","KMI61","A"
"UGP202000059-12","Tororo3","KML872","A"
"UGP202000060-21","Tororo3","APA323","A"
"UGP202000055-14","Tororo3","KMI61","A"
"UGP202000062-6","Tororo3","RAK835","A"
"UGP202000055-10","Tororo3","KMI61","A"
"UGP202000063-10","Tororo3","MLE194","A"
"UGP202000056-5","Tororo3","KBL648","A"
"UGP202000059-5","Tororo3","KML872","A"
"UGP202000057-9","Tororo3","LUW1274","A"
"UGP202000063-19","Tororo3","MLE194","A"
"UGP202000055-8","Tororo3","KMI61","A"
"UGP202000056-12","Tororo3","KBL648","A"
"UGP202000059-8","Tororo3","KML872","A"
"UGP202000060-15","Tororo3","APA323","A"
"UGP202000059-2","Tororo3","KML872","A"
"UGP202000062-16","Tororo3","RAK835","A"
"UGP202000057-13","Tororo3","LUW1274","A"
"UGP202000055-19","Tororo3","KMI61","A"
"UGP202000064-2","LUW1274","Carrot_C","A"
"UGP202000067-3","LUW1274","Otada","A"
"UGP202000064-9","LUW1274","Carrot_C","A"
"UGP202000257-15","LUW1274","RAK835","A"
"UGP202000065-11","LUW1274","Mayai","A"
"UGP202000066-6","LUW1274","MPG1128","A"
"UGP202000064-22","LUW1274","Carrot_C","A"
"UGP202000064-15","LUW1274","Carrot_C","A"
"UGP202000065-3","LUW1274","Mayai","A"
"UGP202000064-10","LUW1274","Carrot_C","A"
"UGP202000065-20","LUW1274","Mayai","A"
"UGP202000067-12","LUW1274","Otada","A"
"UGP202000065-13","LUW1274","Mayai","A"
"UGP202000066-8","LUW1274","MPG1128","A"
"UGP202000064-7","LUW1274","Carrot_C","A"
"UGP202000065-22","LUW1274","Mayai","A"
"UGP202000066-9","LUW1274","MPG1128","A"
"UGP202000256-1","LUW1274","KBL648","A"
"UGP202000064-19","LUW1274","Carrot_C","A"
"UGP202000066-4","LUW1274","MPG1128","A"
"UGP202000066-3","LUW1274","MPG1128","A"
"UGP202000067-5","LUW1274","Otada","A"
"UGP202000066-12","LUW1274","MPG1128","A"
"UGP202000064-6","LUW1274","Carrot_C","A"
"UGP202000068-6","LUW1274","NK318L","A"
"UGP202000073-10","NASPOT_7","Otada","A"
"UGP202000069-8","NASPOT_7","Carrot_C","A"
"UGP202000070-14","NASPOT_7","MPG1128","A"
"UGP202000072-6","NASPOT_7","APA323","A"
"UGP202000071-5","NASPOT_7","KBL648","A"
"UGP202000069-5","NASPOT_7","Carrot_C","A"
"UGP202000070-10","NASPOT_7","MPG1128","A"
"UGP202000074-7","NASPOT_7","RAK835","A"
"UGP202000072-14","NASPOT_7","APA323","A"
"UGP202000070-13","NASPOT_7","MPG1128","A"
"UGP202000072-18","NASPOT_7","APA323","A"
"UGP202000073-1","NASPOT_7","Otada","A"
"UGP202000069-12","NASPOT_7","Carrot_C","A"
"UGP202000073-4","NASPOT_7","Otada","A"
"UGP202000069-3","NASPOT_7","Carrot_C","A"
"UGP202000074-3","NASPOT_7","RAK835","A"
"UGP202000075-4","NASPOT_7","NK318L","A"
"UGP202000075-16","NASPOT_7","NK318L","A"
"UGP202000071-9","NASPOT_7","KBL648","A"
"UGP202000070-12","NASPOT_7","MPG1128","A"
"UGP202000072-4","NASPOT_7","APA323","A"
"UGP202000072-13","NASPOT_7","APA323","A"
"UGP202000072-20","NASPOT_7","APA323","A"
"UGP202000070-18","NASPOT_7","MPG1128","A"
"UGP202000075-14","NASPOT_7","NK318L","A"
"UGP202000076-1","NASPOT_10_O","Ejumula","A"
"UGP202000259-5","NASPOT_10_O","Carrot_C","A"
"UGP202000077-4","NASPOT_10_O","RAK819","A"
"UGP202000261-11","NASPOT_10_O","NASPOT_7","A"
"UGP202000260-3","NASPOT_10_O","MPG1128","A"
"UGP202000261-3","NASPOT_10_O","NASPOT_7","A"
"UGP202000076-6","NASPOT_10_O","Ejumula","A"
"UGP202000077-17","NASPOT_10_O","RAK819","A"
"UGP202000076-22","NASPOT_10_O","Ejumula","A"
"UGP202000076-15","NASPOT_10_O","Ejumula","A"
"UGP202000259-6","NASPOT_10_O","Carrot_C","A"
"UGP202000259-12","NASPOT_10_O","Carrot_C","A"
"UGP202000076-19","NASPOT_10_O","Ejumula","A"
"UGP202000260-5","NASPOT_10_O","MPG1128","A"
"UGP202000076-8","NASPOT_10_O","Ejumula","A"
"UGP202000259-18","NASPOT_10_O","Carrot_C","A"
"UGP202000076-11","NASPOT_10_O","Ejumula","A"
"UGP202000076-3","NASPOT_10_O","Ejumula","A"
"UGP202000077-11","NASPOT_10_O","RAK819","A"
"UGP202000261-10","NASPOT_10_O","NASPOT_7","A"
"UGP202000076-12","NASPOT_10_O","Ejumula","A"
"UGP202000260-13","NASPOT_10_O","MPG1128","A"
"UGP202000076-13","NASPOT_10_O","Ejumula","A"
"UGP202000076-21","NASPOT_10_O","Ejumula","A"
"UGP202000076-4","NASPOT_10_O","Ejumula","A"
"UGP202000084-18","KML872","Otada","A"
"UGP202000084-6","KML872","Otada","A"
"UGP202000083-1","KML872","APA323","A"
"UGP202000086-8","KML872","NK318L","A"
"UGP202000080-9","KML872","Mayai","A"
"UGP202000083-18","KML872","APA323","A"
"UGP202000078-3","KML872","Carrot_C","A"
"UGP202000086-14","KML872","NK318L","A"
"UGP202000079-4","KML872","Ejumula","A"
"UGP202000084-4","KML872","Otada","A"
"UGP202000081-10","KML872","MPG1128","A"
"UGP202000083-10","KML872","APA323","A"
"UGP202000082-5","KML872","KBL648","A"
"UGP202000079-10","KML872","Ejumula","A"
"UGP202000080-6","KML872","Mayai","A"
"UGP202000084-10","KML872","Otada","A"
"UGP202000084-12","KML872","Otada","A"
"UGP202000078-1","KML872","Carrot_C","A"
"UGP202000086-11","KML872","NK318L","A"
"UGP202000078-7","KML872","Carrot_C","A"
"UGP202000078-5","KML872","Carrot_C","A"
"UGP202000078-6","KML872","Carrot_C","A"
"UGP202000078-4","KML872","Carrot_C","A"
"UGP202000080-3","KML872","Mayai","A"
"UGP202000080-5","KML872","Mayai","A"
"UGP202000263-4","Oguroiwe","MPG1128","A"
"UGP202000262-7","Oguroiwe","Carrot_C","A"
"UGP202000262-2","Oguroiwe","Carrot_C","A"
"UGP202000263-16","Oguroiwe","MPG1128","A"
"UGP202000262-1","Oguroiwe","Carrot_C","A"
"UGP202000263-20","Oguroiwe","MPG1128","A"
"UGP202000263-3","Oguroiwe","MPG1128","A"
"UGP202000263-11","Oguroiwe","MPG1128","A"
"UGP202000263-2","Oguroiwe","MPG1128","A"
"UGP202000263-18","Oguroiwe","MPG1128","A"
"UGP202000262-10","Oguroiwe","Carrot_C","A"
"UGP202000262-11","Oguroiwe","Carrot_C","A"
"UGP202000262-5","Oguroiwe","Carrot_C","A"
"UGP202000262-17","Oguroiwe","Carrot_C","A"
"UGP202000262-15","Oguroiwe","Carrot_C","A"
"UGP202000262-9","Oguroiwe","Carrot_C","A"
"UGP202000263-19","Oguroiwe","MPG1128","A"
"UGP202000263-9","Oguroiwe","MPG1128","A"
"UGP202000262-12","Oguroiwe","Carrot_C","A"
"UGP202000263-21","Oguroiwe","MPG1128","A"
"UGP202000263-7","Oguroiwe","MPG1128","A"
"UGP202000263-1","Oguroiwe","MPG1128","A"
"UGP202000262-14","Oguroiwe","Carrot_C","A"
"UGP202000263-14","Oguroiwe","MPG1128","A"
"UGP202000263-10","Oguroiwe","MPG1128","A"
"UGP202000093-13","APA323","LUW1274","A"
"UGP202000088-16","APA323","Ejumula","A"
"UGP202000097-2","APA323","NK318L","A"
"UGP202000097-21","APA323","NK318L","A"
"UGP202000088-17","APA323","Ejumula","A"
"UGP202000090-3","APA323","KMI61","A"
"UGP202000097-10","APA323","NK318L","A"
"UGP202000090-14","APA323","KMI61","A"
"UGP202000087-13","APA323","Carrot_C","A"
"UGP202000090-15","APA323","KMI61","A"
"UGP202000097-7","APA323","NK318L","A"
"UGP202000098-16","APA323","MLE194","A"
"UGP202000264-14","APA323","Tororo3","A"
"UGP202000097-1","APA323","NK318L","A"
"UGP202000095-6","APA323","KML872","A"
"UGP202000093-16","APA323","LUW1274","A"
"UGP202000093-1","APA323","LUW1274","A"
"UGP202000096-19","APA323","Oguroiwe","A"
"UGP202000092-7","APA323","RAK819","A"
"UGP202000094-10","APA323","NASPOT_7","A"
"UGP202000091-14","APA323","MPG1128","A"
"UGP202000092-10","APA323","RAK819","A"
"UGP202000088-18","APA323","Ejumula","A"
"UGP202000093-6","APA323","LUW1274","A"
"UGP202000091-10","APA323","MPG1128","A"
"UGP202000102-9","Otada","MLE194","A"
"UGP202000099-9","Otada","Carrot_C","A"
"UGP202000102-1","Otada","MLE194","A"
"UGP202000099-21","Otada","Carrot_C","A"
"UGP202000101-8","Otada","NK318L","A"
"UGP202000100-11","Otada","Ejumula","A"
"UGP202000099-6","Otada","Carrot_C","A"
"UGP202000102-21","Otada","MLE194","A"
"UGP202000102-4","Otada","MLE194","A"
"UGP202000099-5","Otada","Carrot_C","A"
"UGP202000100-5","Otada","Ejumula","A"
"UGP202000101-1","Otada","NK318L","A"
"UGP202000101-12","Otada","NK318L","A"
"UGP202000099-18","Otada","Carrot_C","A"
"UGP202000101-15","Otada","NK318L","A"
"UGP202000099-11","Otada","Carrot_C","A"
"UGP202000099-14","Otada","Carrot_C","A"
"UGP202000101-7","Otada","NK318L","A"
"UGP202000101-9","Otada","NK318L","A"
"UGP202000102-2","Otada","MLE194","A"
"UGP202000101-6","Otada","NK318L","A"
"UGP202000102-5","Otada","MLE194","A"
"UGP202000101-18","Otada","NK318L","A"
"UGP202000102-17","Otada","MLE194","A"
"UGP202000100-7","Otada","Ejumula","A"
"UGP202000103-5","RAK835","Ejumula","A"
"UGP202000103-1","RAK835","Ejumula","A"
"UGP202000108-2","RAK835","MLE194","A"
"UGP202000105-13","RAK835","MPG1128","A"
"UGP202000108-12","RAK835","MLE194","A"
"UGP202000107-8","RAK835","NK318L","A"
"UGP202000108-5","RAK835","MLE194","A"
"UGP202000103-10","RAK835","Ejumula","A"
"UGP202000108-19","RAK835","MLE194","A"
"UGP202000103-9","RAK835","Ejumula","A"
"UGP202000106-12","RAK835","LUW1274","A"
"UGP202000105-18","RAK835","MPG1128","A"
"UGP202000105-8","RAK835","MPG1128","A"
"UGP202000104-6","RAK835","KMI61","A"
"UGP202000265-18","RAK835","Carrot_C","A"
"UGP202000108-15","RAK835","MLE194","A"
"UGP202000107-13","RAK835","NK318L","A"
"UGP202000105-11","RAK835","MPG1128","A"
"UGP202000103-2","RAK835","Ejumula","A"
"UGP202000108-16","RAK835","MLE194","A"
"UGP202000105-1","RAK835","MPG1128","A"
"UGP202000108-3","RAK835","MLE194","A"
"UGP202000106-11","RAK835","LUW1274","A"
"UGP202000105-2","RAK835","MPG1128","A"
"UGP202000265-2","RAK835","Carrot_C","A"
"UGP202000112-19","NK318L","NASPOT_9_O","A"
"UGP202000109-20","NK318L","KMI61","A"
"UGP202000116-13","NK318L","APA323","A"
"UGP202000116-16","NK318L","APA323","A"
"UGP202000117-7","NK318L","Otada","A"
"UGP202000110-17","NK318L","KBL648","A"
"UGP202000114-1","NK318L","NASPOT_7","A"
"UGP202000117-4","NK318L","Otada","A"
"UGP202000117-6","NK318L","Otada","A"
"UGP202000110-18","NK318L","KBL648","A"
"UGP202000115-18","NK318L","KML872","A"
"UGP202000116-6","NK318L","APA323","A"
"UGP202000109-11","NK318L","KMI61","A"
"UGP202000110-3","NK318L","KBL648","A"
"UGP202000114-8","NK318L","NASPOT_7","A"
"UGP202000116-2","NK318L","APA323","A"
"UGP202000114-4","NK318L","NASPOT_7","A"
"UGP202000113-5","NK318L","LUW1274","A"
"UGP202000112-6","NK318L","NASPOT_9_O","A"
"UGP202000113-8","NK318L","LUW1274","A"
"UGP202000117-17","NK318L","Otada","A"
"UGP202000114-19","NK318L","NASPOT_7","A"
"UGP202000109-6","NK318L","KMI61","A"
"UGP202000110-8","NK318L","KBL648","A"
"UGP202000112-9","NK318L","NASPOT_9_O","A"
"UGP202000120-12","MLE194","Carrot_C","A"
"UGP202000120-3","MLE194","Carrot_C","A"
"UGP202000124-21","MLE194","RAK835","A"
"UGP202000121-2","MLE194","MPG1128","A"
"UGP202000121-12","MLE194","MPG1128","A"
"UGP202000120-16","MLE194","Carrot_C","A"
"UGP202000123-4","MLE194","Otada","A"
"UGP202000120-4","MLE194","Carrot_C","A"
"UGP202000123-8","MLE194","Otada","A"
"UGP202000123-7","MLE194","Otada","A"
"UGP202000122-14","MLE194","KBL648","A"
"UGP202000122-10","MLE194","KBL648","A"
"UGP202000122-11","MLE194","KBL648","A"
"UGP202000121-11","MLE194","MPG1128","A"
"UGP202000124-20","MLE194","RAK835","A"
"UGP202000121-3","MLE194","MPG1128","A"
"UGP202000122-21","MLE194","KBL648","A"
"UGP202000124-8","MLE194","RAK835","A"
"UGP202000124-1","MLE194","RAK835","A"
"UGP202000124-5","MLE194","RAK835","A"
"UGP202000121-8","MLE194","MPG1128","A"
"UGP202000120-2","MLE194","Carrot_C","A"
"UGP202000125-1","MLE194","NK318L","A"
"UGP202000120-17","MLE194","Carrot_C","A"
"UGP202000124-13","MLE194","RAK835","A"
"UGP202000022-22","KMI61","KBL648","A"
"UGP202000023-1","KMI61","APA323","A"
"UGP202000021-4","KMI61","MPG1128","A"
"UGP202000022-4","KMI61","KBL648","A"
"UGP202000022-14","KMI61","KBL648","A"
"UGP202000021-11","KMI61","MPG1128","A"
"UGP202000023-3","KMI61","APA323","A"
"UGP202000023-18","KMI61","APA323","A"
"UGP202000022-8","KMI61","KBL648","A"
"UGP202000020-14","KMI61","Carrot_C","A"
"UGP202000023-7","KMI61","APA323","A"
"UGP202000021-8","KMI61","MPG1128","A"
"UGP202000022-10","KMI61","KBL648","A"
"UGP202000020-11","KMI61","Carrot_C","A"
"UGP202000021-13","KMI61","MPG1128","A"
"UGP202000020-2","KMI61","Carrot_C","A"
"UGP202000023-10","KMI61","APA323","A"
"UGP202000022-7","KMI61","KBL648","A"
"UGP202000022-17","KMI61","KBL648","A"
"UGP202000020-9","KMI61","Carrot_C","A"
"UGP202000020-5","KMI61","Carrot_C","A"
"UGP202000022-2","KMI61","KBL648","A"
"UGP202000021-6","KMI61","MPG1128","A"
"UGP202000021-18","KMI61","MPG1128","A"
"UGP202000020-8","KMI61","Carrot_C","A"
"UGP202000003-17","Carrot_C","RAK819","A"
"UGP202000007-7","Carrot_C","Oguroiwe","A"
"UGP202000008-13","Carrot_C","APA323","A"
"UGP202000006-10","Carrot_C","KML872","A"
"UGP202000010-3","Carrot_C","RAK835","A"
"UGP202000253-9","MPG1128","RAK819","A"
"UGP202000028-22","MPG1128","MLE194","A"
"UGP202000025-10","MPG1128","KBL648","A"
"UGP202000026-16","MPG1128","NASPOT_7","A"
"UGP202000028-18","MPG1128","MLE194","A"
"UGP202000030-16","KBL648","Ejumula","A"
"UGP202000036-9","KBL648","NK318L","A"
"UGP202000037-12","KBL648","MLE194","A"
"UGP202000254-5","KBL648","KML872","A"
"UGP202000030-4","KBL648","Ejumula","A"
"UGP202000046-14","RAK819","NK318L","A"
"UGP202000045-17","RAK819","RAK835","A"
"UGP202000041-6","RAK819","KBL648","A"
"UGP202000042-10","RAK819","NASPOT_9_O","A"
"UGP202000041-8","RAK819","KBL648","A"
"UGP202000012-15","Ejumula","KMI61","A"
"UGP202000013-19","Ejumula","KBL648","A"
"UGP202000016-18","Ejumula","APA323","A"
"UGP202000017-22","Ejumula","Otada","A"
"UGP202000019-7","Ejumula","MLE194","A"
"UGP202000051-7","NASPOT_9_O","NASPOT_7","A"
"UGP202000051-6","NASPOT_9_O","NASPOT_7","A"
"UGP202000054-8","NASPOT_9_O","MLE194","A"
"UGP202000051-20","NASPOT_9_O","NASPOT_7","A"
"UGP202000051-10","NASPOT_9_O","NASPOT_7","A"
"UGP202000057-8","Tororo3","LUW1274","A"
"UGP202000059-23","Tororo3","KML872","A"
"UGP202000059-10","Tororo3","KML872","A"
"UGP202000062-15","Tororo3","RAK835","A"
"UGP202000058-10","Tororo3","NASPOT_7","A"
"UGP202000065-5","LUW1274","Mayai","A"
"UGP202000067-4","LUW1274","Otada","A"
"UGP202000256-14","LUW1274","KBL648","A"
"UGP202000068-8","LUW1274","NK318L","A"
"UGP202000067-6","LUW1274","Otada","A"
"UGP202000071-3","NASPOT_7","KBL648","A"
"UGP202000074-10","NASPOT_7","RAK835","A"
"UGP202000073-5","NASPOT_7","Otada","A"
"UGP202000072-7","NASPOT_7","APA323","A"
"UGP202000072-1","NASPOT_7","APA323","A"
"UGP202000077-20","NASPOT_10_O","RAK819","A"
"UGP202000261-12","NASPOT_10_O","NASPOT_7","A"
"UGP202000260-7","NASPOT_10_O","MPG1128","A"
"UGP202000077-2","NASPOT_10_O","RAK819","A"
"UGP202000077-5","NASPOT_10_O","RAK819","A"
"UGP202000078-20","KML872","Carrot_C","A"
"UGP202000081-9","KML872","MPG1128","A"
"UGP202000085-9","KML872","RAK835","A"
"UGP202000081-21","KML872","MPG1128","A"
"UGP202000084-21","KML872","Otada","A"
"UGP202000262-3","Oguroiwe","Carrot_C","A"
"UGP202000263-8","Oguroiwe","MPG1128","A"
"UGP202000262-18","Oguroiwe","Carrot_C","A"
"UGP202000263-13","Oguroiwe","MPG1128","A"
"UGP202000262-19","Oguroiwe","Carrot_C","A"
"UGP202000264-3","APA323","Tororo3","A"
"UGP202000096-11","APA323","Oguroiwe","A"
"UGP202000095-18","APA323","KML872","A"
"UGP202000093-3","APA323","LUW1274","A"
"UGP202000097-13","APA323","NK318L","A"
"UGP202000100-3","Otada","Ejumula","A"
"UGP202000100-10","Otada","Ejumula","A"
"UGP202000100-13","Otada","Ejumula","A"
"UGP202000099-15","Otada","Carrot_C","A"
"UGP202000101-11","Otada","NK318L","A"
"UGP202000265-1","RAK835","Carrot_C","A"
"UGP202000107-15","RAK835","NK318L","A"
"UGP202000105-16","RAK835","MPG1128","A"
"UGP202000106-6","RAK835","LUW1274","A"
"UGP202000104-9","RAK835","KMI61","A"
"UGP202000113-21","NK318L","LUW1274","A"
"UGP202000118-11","NK318L","RAK835","A"
"UGP202000113-12","NK318L","LUW1274","A"
"UGP202000113-19","NK318L","LUW1274","A"
"UGP202000119-9","NK318L","MLE194","A"
"UGP202000125-13","MLE194","NK318L","A"
"UGP202000123-19","MLE194","Otada","A"
"UGP202000125-17","MLE194","NK318L","A"
"UGP202000125-4","MLE194","NK318L","A"
"UGP202000121-1","MLE194","MPG1128","A"
"UGP202000023-14","KMI61","APA323","A"
"UGP202000020-20","KMI61","Carrot_C","A"
"UGP202000020-7","KMI61","Carrot_C","A"
"UGP202000023-8","KMI61","APA323","A"
"UGP202000021-7","KMI61","MPG1128","A"
"UGP202000089-8","APA323","Mayai","A"
"UGP202000089-1","APA323","Mayai","A"
"UGP202000089-3","APA323","Mayai","A"
"UGP202000089-4","APA323","Mayai","A"
"UGP202000089-6","APA323","Mayai","A"
"UGP202000080-1","KML872","Mayai","A"
"UGP202000080-14","KML872","Mayai","A"
"UGP202000080-16","KML872","Mayai","A"
"UGP202000080-10","KML872","Mayai","A"
"UGP202000065-21","LUW1274","Mayai","A"
"UGP202000065-10","LUW1274","Mayai","A"
"UGP202000065-9","LUW1274","Mayai","A"
"UGP202000080-15","KML872","Mayai","A"
"UGP202000080-12","KML872","Mayai","A"
"UGP202000065-4","LUW1274","Mayai","A"
"UGP202000065-12","LUW1274","Mayai","A"
"UGP202000065-7","LUW1274","Mayai","A"
"UGP202000065-15","LUW1274","Mayai","A"
"UGP202000065-8","LUW1274","Mayai","A"
"UGP202000065-18","LUW1274","Mayai","A"
"Raihna","0","0","B"
"KML942","0","0","B"
"LUW1257","0","0","B"
"KRE691","0","0","B"
"MBR536","0","0","B"
"MLE179","0","0","B"
"ARA209","0","0","B"
"Sowola","0","0","B"
"APA356","0","0","B"
"MKN1210","0","0","B"
"NASPOT_5","0","0","B"
"SPK004_CIP","0","0","B"
"RAK848","0","0","B"
"MSK1094","0","0","B"
"NASPOT_11","0","0","B"
"SRT43","0","0","B"
"Resisto","0","0","B"
"CIP199062.1","0","0","B"
"MLE199","0","0","B"
"Carrot_C","0","0","B"
"MPG1128","0","0","B"
"KBL648","0","0","B"
"RAK819","0","0","B"
"Ejumula","0","0","B"
"NASPOT_9_O","0","0","B"
"Tororo3","0","0","B"
"LUW1274","0","0","B"
"NASPOT_7","0","0","B"
"NASPOT_10_O","0","0","B"
"KML872","0","0","B"
"Oguroiwe","0","0","B"
"APA323","0","0","B"
"Otada","0","0","B"
"RAK835","0","0","B"
"NK318L","0","0","B"
"MLE194","0","0","B"
"KMI61","0","0","B"
"Jewel","0","0","B"
"Mayai","0","0","B"
"UGP202000147-9","KML942","MLE179","B"
"UGP202000147-13","KML942","MLE179","B"
"UGP202000147-3","KML942","MLE179","B"
"UGP202000146-21","KML942","LUW1257","B"
"UGP202000157-22","KRE691","MSK1094","B"
"UGP202000156-3","KRE691","SPK004_CIP","B"
"UGP202000159-6","MBR536","Resisto","B"
"UGP202000159-17","MBR536","Resisto","B"
"UGP202000159-3","MBR536","Resisto","B"
"UGP202000158-4","MBR536","MSK1094","B"
"UGP202000158-1","MBR536","MSK1094","B"
"UGP202000158-22","MBR536","MSK1094","B"
"UGP202000179-1","MKN1210","ARA209","B"
"UGP202000179-7","MKN1210","ARA209","B"
"UGP202000179-6","MKN1210","ARA209","B"
"UGP202000179-18","MKN1210","ARA209","B"
"UGP202000180-7","MKN1210","LUW1257","B"
"UGP202000180-12","MKN1210","LUW1257","B"
"UGP202000180-14","MKN1210","LUW1257","B"
"UGP202000180-2","MKN1210","LUW1257","B"
"UGP202000180-19","MKN1210","LUW1257","B"
"UGP202000180-6","MKN1210","LUW1257","B"
"UGP202000180-21","MKN1210","LUW1257","B"
"UGP202000180-17","MKN1210","LUW1257","B"
"UGP202000180-5","MKN1210","LUW1257","B"
"UGP202000180-18","MKN1210","LUW1257","B"
"UGP202000180-1","MKN1210","LUW1257","B"
"UGP202000180-8","MKN1210","LUW1257","B"
"UGP202000272-16","RAK848","CIP199062.1","B"
"UGP202000272-10","RAK848","CIP199062.1","B"
"UGP202000272-15","RAK848","CIP199062.1","B"
"UGP202000272-9","RAK848","CIP199062.1","B"
"UGP202000272-2","RAK848","CIP199062.1","B"
"UGP202000272-17","RAK848","CIP199062.1","B"
"UGP202000269-2","RAK848","ARA209","B"
"UGP202000269-8","RAK848","ARA209","B"
"UGP202000269-20","RAK848","ARA209","B"
"UGP202000269-21","RAK848","ARA209","B"
"UGP202000269-23","RAK848","ARA209","B"
"UGP202000271-13","RAK848","MLE179","B"
"UGP202000271-4","RAK848","MLE179","B"
"UGP202000271-14","RAK848","MLE179","B"
"UGP202000271-1","RAK848","MLE179","B"
"UGP202000216-3","NASPOT_11","CIP199062.1","B"
"UGP202000065-17","LUW1274","Mayai","A"
"UGP202000263-15","Oguroiwe","MPG1128","A"
"UGP202000263-6","Oguroiwe","MPG1128","A"
"UGP202000263-17","Oguroiwe","MPG1128","A"
"UGP202000262-13","Oguroiwe","Carrot_C","A"
"UGP202000262-4","Oguroiwe","Carrot_C","A"
"UGP202000262-6","Oguroiwe","Carrot_C","A"
"UGP202000262-8","Oguroiwe","Carrot_C","A"
"UGP202000262-20","Oguroiwe","Carrot_C","A"
